SET SQL_MODE = "NO_AUTO_VALUE_ON_ZERO";
SET time_zone = "+00:00";

/*!40101 SET @OLD_CHARACTER_SET_CLIENT=@@CHARACTER_SET_CLIENT */;
/*!40101 SET @OLD_CHARACTER_SET_RESULTS=@@CHARACTER_SET_RESULTS */;
/*!40101 SET @OLD_COLLATION_CONNECTION=@@COLLATION_CONNECTION */;
/*!40101 SET NAMES utf8 */;

-- --------------------------------------------------------

CREATE TABLE IF NOT EXISTS role(
    id            INT NOT NULL PRIMARY KEY AUTO_INCREMENT,
    roleName      VARCHAR (20) NOT NULL
);

ALTER TABLE role ADD createdBy VARCHAR(20);
ALTER TABLE role ADD createdAt DATE;
ALTER TABLE role ADD modifiedBy VARCHAR(20);
ALTER TABLE role ADD modifiedAt DATE;

CREATE TABLE IF NOT EXISTS user(
    id            INT NOT NULL PRIMARY KEY AUTO_INCREMENT,
    username      VARCHAR (20) NOT NULL,
    password      VARCHAR (60) NOT NULL,
    idRole        INT NOT NULL,
    CONSTRAINT Fk_User_IdRole_Role_Id FOREIGN KEY (idRole)
    REFERENCES role(id)
);

CREATE INDEX IX_User_Username ON User (Username);
CREATE INDEX IX_User_Username_Password ON User (Username, Password);

ALTER TABLE user ADD CONSTRAINT UC_Usernamne UNIQUE (username);
ALTER TABLE user ADD createdBy VARCHAR(20);
ALTER TABLE user ADD createdAt DATE;
ALTER TABLE user ADD modifiedBy VARCHAR(20);
ALTER TABLE user ADD modifiedAt DATE;

CREATE TABLE IF NOT EXISTS session(
    id                 VARCHAR (36) NOT NULL PRIMARY KEY,
    idUser             INT NOT NULL,
    createdAt          DATETIME NOT NULL,
    lastAccessedAt     DATETIME,
    sessionTimeout     INT,
    CONSTRAINT Fk_Session_IdUser_User_Id FOREIGN KEY (idUser)
    REFERENCES user(id)
);

CREATE INDEX IX_Session_IdUser ON Session (idUser);

CREATE TABLE IF NOT EXISTS module(
    id                VARCHAR (36) NOT NULL PRIMARY KEY,
    name              VARCHAR (100) NOT NULL,
    description       TEXT NULL,
    createdBy         VARCHAR(20),
    createdAt         DATE,
    modifiedBy        VARCHAR(20),
    modifiedAt        DATE
);

CREATE TABLE IF NOT EXISTS permission(
    id                VARCHAR (36) NOT NULL PRIMARY KEY,
    idRole            INT NOT NULL,
    idModule          VARCHAR (36) NOT NULL,
    name              VARCHAR (100) NOT NULL,
    description       TEXT NULL,
    createdBy         VARCHAR(20),
    createdAt         DATE,
    modifiedBy        VARCHAR(20),
    modifiedAt        DATE,
    CONSTRAINT Fk_Permission_IdRole_Role_Id FOREIGN KEY (idRole)
    REFERENCES role(id),
    CONSTRAINT Fk_Permission_IdModule_Module_Id FOREIGN KEY (idModule)
    REFERENCES module(id)
);

CREATE TABLE IF NOT EXISTS section(
    id        INT NOT NULL PRIMARY KEY AUTO_INCREMENT,
    name      VARCHAR (20) NOT NULL
);

ALTER TABLE section ADD createdBy VARCHAR(20);
ALTER TABLE section ADD createdAt DATE;
ALTER TABLE section ADD modifiedBy VARCHAR(20);
ALTER TABLE section ADD modifiedAt DATE;

CREATE TABLE IF NOT EXISTS agent(
    plaque    VARCHAR(4) NOT NULL PRIMARY KEY,
    firstName VARCHAR (150) NOT NULL,
    lastName  VARCHAR (150) NOT NULL,
    idSection INT NOT NULL,
    isActive  TINYINT NOT NULL,
    CONSTRAINT Fk_Agent_IdSection_Section_Id FOREIGN KEY (idSection)
      REFERENCES section(id)
);

ALTER TABLE agent ADD createdBy VARCHAR(20);
ALTER TABLE agent ADD createdAt DATE;
ALTER TABLE agent ADD modifiedBy VARCHAR(20);
ALTER TABLE agent ADD modifiedAt DATE;

CREATE INDEX IX_Agent_IsActive ON Agent (isActive);
CREATE INDEX IX_Agent_Plaque_IsActive ON Agent (plaque, isActive);

CREATE TABLE IF NOT EXISTS userByAgent(
    idUser        INT NOT NULL,
    plaqueAgent   VARCHAR (4) NOT NULL,
    PRIMARY KEY (idUser, plaqueAgent),
    CONSTRAINT Fk_UserByAgent_IdUser_User_Id FOREIGN KEY (idUser)
    REFERENCES user(id),
    CONSTRAINT Fk_UserByAgent_PlaqueAgent_Agent_Plaque FOREIGN KEY (plaqueAgent)
    REFERENCES agent(plaque)
);

ALTER TABLE userByAgent ADD createdBy VARCHAR(20);
ALTER TABLE userByAgent ADD createdAt DATE;
ALTER TABLE userByAgent ADD modifiedBy VARCHAR(20);
ALTER TABLE userByAgent ADD modifiedAt DATE;

CREATE TABLE IF NOT EXISTS inactivityType (
    id          INT NOT NULL PRIMARY KEY AUTO_INCREMENT,
    type        VARCHAR (150) NOT NULL
);

CREATE TABLE IF NOT EXISTS inactivity (
    id                INT NOT NULL PRIMARY KEY AUTO_INCREMENT,
    idInactivityType  INT NOT NULL,
    plaqueAgent       VARCHAR(4) NOT NULL,
    startDate         DATE NOT NULL,
    endDate           DATE NOT NULL,
    CONSTRAINT FK_Inactivity_IdInactivityType_InactivityType_Id FOREIGN KEY(idInactivityType)
      REFERENCES inactivityType(id),
    CONSTRAINT FK_Inactivity_PlaqueAgent_Agent_Plaque FOREIGN KEY(plaqueAgent)
      REFERENCES agent(plaque)
);

CREATE TABLE IF NOT EXISTS sector (
    id      INT NOT NULL PRIMARY KEY AUTO_INCREMENT,
    name    VARCHAR (150) NOT NULL
);

CREATE TABLE IF NOT EXISTS location (
    id            INT NOT NULL PRIMARY KEY AUTO_INCREMENT,
    description   VARCHAR (150) NOT NULL,
    idSector      INT NOT NULL,
    CONSTRAINT FK_Location_IdSector_Location_Id FOREIGN KEY(idSector)
      REFERENCES location(id)
);

CREATE TABLE IF NOT EXISTS serviceClassification (
    id                      INT NOT NULL PRIMARY KEY AUTO_INCREMENT,
    classification          VARCHAR (150) NOT NULL
);

CREATE TABLE IF NOT EXISTS service (
    id                      INT NOT NULL PRIMARY KEY AUTO_INCREMENT,
    idLocation              INT NOT NULL,
    idServiceClassification INT NOT NULL,
    CONSTRAINT FK_Service_IdLocation_Location_Id FOREIGN KEY(idLocation)
      REFERENCES location(id),
    CONSTRAINT FK_Service_IdServiceClassification_ServiceClassification_Id FOREIGN KEY(idServiceClassification)
      REFERENCES serviceClassification(id)
);

CREATE TABLE IF NOT EXISTS serviceConfiguration (
    id                      INT NOT NULL PRIMARY KEY AUTO_INCREMENT,
    idService               INT NOT NULL,
    estimateAgentsQty       INT NOT NULL,
    startService            TIME NOT NULL,
    endService              TIME NOT NULL,
    CONSTRAINT FK_ServiceConfiguration_IdService_Service_Id FOREIGN KEY(idService)
      REFERENCES serviceConfiguration(id)
);

CREATE TABLE IF NOT EXISTS schedule (
    scheduleDate            DATE NOT NULL PRIMARY KEY,
    agentsQty               INT NOT NULL,
    registerDate            DATE NOT NULL
);

CREATE TABLE IF NOT EXISTS scheduleDetail (
    scheduleDate            DATE NOT NULL,
    idServiceConfiguration  INT NOT NULL,
    plaqueAgent             VARCHAR(4) NOT NULL,
    CONSTRAINT FK_ScheduleDetail_ScheduleDate_Schedule_scheduleDate FOREIGN KEY(scheduleDate)
      REFERENCES schedule(scheduleDate),
    CONSTRAINT FK_ScheduleDetail_PlaqueAgent_Agent_Plaque FOREIGN KEY(plaqueAgent)
      REFERENCES agent(plaque)
);

CREATE TABLE IF NOT EXISTS  ipatSeverity(
    id            INT NOT NULL PRIMARY KEY AUTO_INCREMENT,
    description   VARCHAR(20) NOT NULL
);

ALTER TABLE ipatSeverity ADD createdBy VARCHAR(20);
ALTER TABLE ipatSeverity ADD createdAt DATE;
ALTER TABLE ipatSeverity ADD modifiedBy VARCHAR(20);
ALTER TABLE ipatSeverity ADD modifiedAt DATE;

CREATE TABLE ipat(
    id                INT NOT NULL PRIMARY KEY AUTO_INCREMENT,
    initialNumber     INT NOT NULL,
    finalNumber       INT NOT NULL,
    assignmentDate    DATE NOT NULL,
    isCurrent         BIT NOT NULL,
    prefix            VARCHAR(4),
    createdBy         VARCHAR(20),
    createdAt         DATE,
    modifiedBy        VARCHAR(20),
    modifiedAt        DATE
);

CREATE TABLE ipatTransactionState(
    id                INT NOT NULL PRIMARY KEY AUTO_INCREMENT,
    name              VARCHAR(50) NOT NULL
);

ALTER TABLE ipatTransactionState ADD createdBy VARCHAR(20);
ALTER TABLE ipatTransactionState ADD createdAt DATE;
ALTER TABLE ipatTransactionState ADD modifiedBy VARCHAR(20);
ALTER TABLE ipatTransactionState ADD modifiedAt DATE;

CREATE TABLE ipatClassification(
    id                INT NOT NULL PRIMARY KEY AUTO_INCREMENT,
    name              VARCHAR(50) NOT NULL,
    createdBy         VARCHAR(20),
    createdAt         DATE,
    modifiedBy        VARCHAR(20),
    modifiedAt        DATE
);

CREATE TABLE IF NOT EXISTS ipatTransaction(
    ipatNumber              INT NOT NULL PRIMARY KEY,
    deliveryDate            DATETIME NOT NULL,
    deliveredBy             VARCHAR(4) NOT NULL,
    deliveredTo             VARCHAR(4) NOT NULL,
    idTransactionState      INT NOT NULL,
    partiallyReceivedBy     VARCHAR(4),
    partiallyReceivedTo     VARCHAR(4),
    receivedBy              VARCHAR(4),
    receivedTo              VARCHAR(4),
    partialReceptionDate    DATETIME,
    receptionDate           DATETIME,
    accidentDate            DATE,
    diligenceDate           DATE,
    address                 VARCHAR(200),
    idSeverity              INT,
    idClassification        INT,
    vehiclePlaque           VARCHAR(50),
    criminalNews            VARCHAR(20),
    observation             TEXT,
    createdBy               VARCHAR(20),
    createdAt               DATETIME,
    modifiedBy              VARCHAR(20),
    modifiedAt              DATETIME,
    CONSTRAINT FK_IpatTransaction_DeliveredBy_Agent_Plaque FOREIGN KEY(deliveredBy)
      REFERENCES agent(plaque),
    CONSTRAINT FK_IpatTransaction_DeliveredTo_Agent_Plaque FOREIGN KEY(deliveredTo)
      REFERENCES agent(plaque),
    CONSTRAINT FK_IpatTransaction_PartiallyReceivedBy_Agent_Plaque FOREIGN KEY(partiallyReceivedBy)
    REFERENCES agent(plaque),
    CONSTRAINT FK_IpatTransaction_PartiallyReceivedTo_Agent_Plaque FOREIGN KEY(partiallyReceivedTo)
    REFERENCES agent(plaque),
    CONSTRAINT FK_IpatTransaction_ReceivedBy_Agent_Plaque FOREIGN KEY(receivedBy)
      REFERENCES agent(plaque),
    CONSTRAINT FK_IpatTransaction_ReceivedTo_Agent_Plaque FOREIGN KEY(receivedTo)
      REFERENCES agent(plaque),
    CONSTRAINT FK_IpatTransaction_IdTransactionState_IpatTransactionState_Id FOREIGN KEY(idTransactionState)
      REFERENCES ipatTransactionState(id),
    CONSTRAINT FK_IpatTransaction_IdSeverity_IpatSeverity_Id FOREIGN KEY(idSeverity)
      REFERENCES ipatSeverity(id),
      CONSTRAINT FK_IpatTransaction_IdClassification_IpatClassification_Id FOREIGN KEY(idClassification)
      REFERENCES ipatClassification(id)
);

CREATE INDEX IX_IpatTransaction_IdTransactionState ON ipatTransaction (idTransactionState);
CREATE INDEX IX_IpatTransaction_ReceptionDate ON ipatTransaction (receptionDate);
CREATE INDEX IX_IpatTransaction_DeliveredTo_ReceptionDate ON ipatTransaction (deliveredTo, receptionDate);
CREATE INDEX IX_IpatTransaction_DeliveredTo_IdTransactionState_IpatNumber ON ipatTransaction (deliveredTo, idTransactionState, ipatNumber);
CREATE INDEX IX_IpatTransaction_PartiallyReceivedTo_IdTransactionState ON ipatTransaction (partiallyReceivedTo, idTransactionState);
CREATE INDEX IX_IpatTransaction_IpatNumber_IdTransactionState ON ipatTransaction (ipatNumber, idTransactionState);
CREATE INDEX IX_IpatTransaction_DeliveredTo_PartiallyReceivedTo_ReceivedTo ON ipatTransaction (deliveredTo, partiallyReceivedTo, receivedTo);

CREATE TABLE IF NOT EXISTS ipatTransactionNovelty(
    idNovelty                         INT NOT NULL PRIMARY KEY AUTO_INCREMENT,
    ipatNumber                        INT NOT NULL,
    diligenceDate                     DATE,
    pstDeliveryDate                   DATE,
    observation                       TEXT,
    CONSTRAINT FK_ITNovelty_IpatNumber_IpatTransaction_IpatNumber FOREIGN KEY(ipatNumber)
      REFERENCES ipatTransaction(ipatNumber)
);

ALTER TABLE ipatTransactionNovelty ADD createdBy VARCHAR(20);
ALTER TABLE ipatTransactionNovelty ADD createdAt DATE;
ALTER TABLE ipatTransactionNovelty ADD modifiedBy VARCHAR(20);
ALTER TABLE ipatTransactionNovelty ADD modifiedAt DATE;


CREATE TABLE IF NOT EXISTS ipatInCharge(
    idUser                  INT NOT NULL,
    plaqueAgent             VARCHAR(4) NOT NULL,
    createdBy               VARCHAR(20),
    createdAt               DATETIME,
    modifiedBy              VARCHAR(20),
    modifiedAt              DATETIME,
    CONSTRAINT FK_IpatInCharge_IdUser_User_Id FOREIGN KEY(idUser)
      REFERENCES user(id),
    CONSTRAINT FK_IpatInCharge_PlaqueAgent_Agent_Plaque FOREIGN KEY(plaqueAgent)
      REFERENCES agent(plaque),
    PRIMARY KEY (idUser, plaqueAgent)
);

CREATE TABLE transitTicketTransactionState(
    id                INT NOT NULL PRIMARY KEY,
    name              VARCHAR(50) NOT NULL
);

ALTER TABLE transitTicketTransactionState ADD createdBy VARCHAR(20);
ALTER TABLE transitTicketTransactionState ADD createdAt DATE;
ALTER TABLE transitTicketTransactionState ADD modifiedBy VARCHAR(20);
ALTER TABLE transitTicketTransactionState ADD modifiedAt DATE;

CREATE TABLE IF NOT EXISTS transitTicketTalonary(
    talonaryNumber          INT NOT NULL PRIMARY KEY,
    initialNumber           INT NOT NULL,
    finalNumber             INT NOT NULL,
    assignedTo              VARCHAR(4) NOT NULL,
    deliveryDate            DATE,
    createdBy               VARCHAR(20),
    createdAt               DATETIME,
    modifiedBy              VARCHAR(20),
    modifiedAt              DATETIME,
    CONSTRAINT FK_TransitTicket_AssignedTo_Agent_Plaque FOREIGN KEY(assignedTo)
      REFERENCES agent(plaque)
);

CREATE TABLE IF NOT EXISTS transitTicketTransaction(
    talonaryNumber           INT NOT NULL,
    ticketNumber             INT NOT NULL,
    diligenceDate            DATE,
    infractorCode            VARCHAR(3),
    plaqueAgent              VARCHAR(4),
    immobilized              BIT,
    immobilizedSubject       TEXT,
    immobilizedSite          TEXT,
    idTransactionState       INT NOT NULL,
    createdBy                VARCHAR(20),
    createdAt                DATETIME,
    modifiedBy               VARCHAR(20),
    modifiedAt               DATETIME,
    CONSTRAINT FK_TransitTicketTransaction_AgentPlaque_Agent_Plaque FOREIGN KEY(plaqueAgent)
      REFERENCES agent(plaque),
    CONSTRAINT FK_TransitTicketTransaction_TalonaryNumber_TalonaryNumber_Plaque FOREIGN KEY(talonaryNumber)
      REFERENCES transitTicketTalonary(talonaryNumber),
    PRIMARY KEY (talonaryNumber, ticketNumber),
    CONSTRAINT FK_TTT_IdTransactionState_ITS_Id FOREIGN KEY(idTransactionState)
      REFERENCES transitTicketTransactionState(id)
);

CREATE TABLE IF NOT EXISTS transitTicketTransactionNovelty(
    id                                INT NOT NULL PRIMARY KEY AUTO_INCREMENT,
    talonaryNumber                    INT NOT NULL,
    ticketNumber                      INT NOT NULL,
    diligenceDate                     DATE,
    pstDeliveryDate                   DATE,
    observation                       TEXT,
    createdBy                         VARCHAR(20),
    createdAt                         DATETIME,
    modifiedBy                        VARCHAR(20),
    modifiedAt                        DATETIME,
    CONSTRAINT FK_Novelty_TalonaryNumber_TTT_TalonaryNumber FOREIGN KEY(talonaryNumber, ticketNumber)
      REFERENCES transitTicketTransaction(talonaryNumber, ticketNumber)
);

-- --------------------------------------------------------

INSERT INTO section(name) VALUES('Primera Sección');
INSERT INTO section(name) VALUES('Segunda Sección');

INSERT INTO agent VALUES('104','GLORIA','RODRIGUEZ AYALA',2,0);
INSERT INTO agent VALUES('112','OLGA LUCIA','BRICEÑO',2,1);
INSERT INTO agent VALUES('122','CARLOS JAVIER','BASTIDAS',2,1);
INSERT INTO agent VALUES('124','HERMINSUL','CARVAJAL BORRERO',2,1);
INSERT INTO agent VALUES('134','MILTON MAURICIO','MORENO',2,1);
INSERT INTO agent VALUES('138','DIEGO FERNANDO','PAREDES',2,1);
INSERT INTO agent VALUES('140','OSCAR EMILIO','PATIÑO',2,1);
INSERT INTO agent VALUES('143','ELIANA','RENTERIA',2,1);
INSERT INTO agent VALUES('148','FERNANDO','LASSO ESCOBAR',2,1);
INSERT INTO agent VALUES('150','MAURICIO','SUAREZ ABADIA',2,1);
INSERT INTO agent VALUES('154','EINER','ZEA MINDA',2,1);
INSERT INTO agent VALUES('156','JHON HANSEN','AGUADO',2,1);
INSERT INTO agent VALUES('160','EDUARD ANTONIO','CAICEDO',2,1);
INSERT INTO agent VALUES('163','JULIO CESAR','CHAMORRO',2,1);
INSERT INTO agent VALUES('168','EDWIN MARINO','GARCIA',2,1);
INSERT INTO agent VALUES('169','OVER ALEXIS','GOMEZ',2,1);
INSERT INTO agent VALUES('173','CARLOS ALBERTO','JIMENEZ BORJA',2,1);
INSERT INTO agent VALUES('186','ANDRES NORBERTO','OSPINA',2,1);
INSERT INTO agent VALUES('189','FABIO','PASOS CORNELIO',2,1);
INSERT INTO agent VALUES('190','YEFREY','PEREA ANGULO',2,1);
INSERT INTO agent VALUES('191','SANDRO','PINEDA CABALLERO',2,1);
INSERT INTO agent VALUES('195','NILTON','PRIETO',2,1);
INSERT INTO agent VALUES('203','WILBER','RUIZ CAMACHO',2,1);
INSERT INTO agent VALUES('205','ALBERTO','SALAZAR RESTREPO',2,1);
INSERT INTO agent VALUES('208','LUIS LEOPOLDO','SANCHEZ',2,1);
INSERT INTO agent VALUES('211','YEHISON JAVIER','SOLARTE',2,1);
INSERT INTO agent VALUES('217','DIEGO FERNANDO','TULCAN',2,1);
INSERT INTO agent VALUES('220','EDWIN ANDRES','VALENCIA',2,1);
INSERT INTO agent VALUES('224','CARLOS ANDRES','MARIN',2,1);
INSERT INTO agent VALUES('226','HERVIN','ARIAS SANTA',2,1);
INSERT INTO agent VALUES('228','ANDRES MAURICIO','CANO RAMIREZ',2,1);
INSERT INTO agent VALUES('229','DIEGO FERNANDO','BECERRA',2,1);
INSERT INTO agent VALUES('235','JUAN CARLOS','DAZA',2,1);
INSERT INTO agent VALUES('240','ALEJANDRO MORENO','SOTO',2,1);
INSERT INTO agent VALUES('248','JHONNY','LEDESMA CHAVARRO',2,1);
INSERT INTO agent VALUES('249','DIEGO FERNANDO','LOAIZA',2,1);
INSERT INTO agent VALUES('250','JHON JAIRO','LOPEZ GARCIA',2,1);
INSERT INTO agent VALUES('256','ALVARO','MOZORONGO',2,1);
INSERT INTO agent VALUES('257','VICTOR','OCORO',2,1);
INSERT INTO agent VALUES('259','ROBERTH','ORTIZ VALENCIA',2,1);
INSERT INTO agent VALUES('260','ANTONIO JOSE','ORTIZ VELEZ',2,1);
INSERT INTO agent VALUES('264','MIGUEL','SANDOVAL',2,1);
INSERT INTO agent VALUES('265','ANDRES AVELINO','RENTERIA',2,1);
INSERT INTO agent VALUES('266','HARVY ARLEX','RIVERA SALAZAR',2,1);
INSERT INTO agent VALUES('267','JORGE ORLANDO','ROMERO VILLAY',2,1);
INSERT INTO agent VALUES('280','JUAN CARLOS','RESTREPO RAMIREZ',2,1);
INSERT INTO agent VALUES('291','JHON JAIRO','BARONA VIERA',2,1);
INSERT INTO agent VALUES('294','BILLY GRAND','BERMUDEZ LUCUI',2,1);
INSERT INTO agent VALUES('300','JOSE EVELIO','CALDERON',2,1);
INSERT INTO agent VALUES('302','MILLER ALIZANDER','CALVACHE GOMEZ',2,1);
INSERT INTO agent VALUES('304','DIEGO FERNANDO','CAMACHO ZAPATA',2,1);
INSERT INTO agent VALUES('308','WILMAR CASTRO','CASTRO',2,1);
INSERT INTO agent VALUES('310','LUIS ALFONSO','COLLAZOS CANTOR',2,1);
INSERT INTO agent VALUES('312','JAIRO EDUL','CUELLAR',2,1);
INSERT INTO agent VALUES('314','LUIS ARMANDO','CUERO ALMENDRA',2,1);
INSERT INTO agent VALUES('315','FABIAN','DIAZ MILLER',2,1);
INSERT INTO agent VALUES('319','JORGE ELIECER','PATIÑO',2,1);
INSERT INTO agent VALUES('327','YULEIDA','GONZALEZ MEDINA',2,1);
INSERT INTO agent VALUES('329','ELIZABETH','GONZALIAS OBONAGA',2,1);
INSERT INTO agent VALUES('335','IVAN ALEXANDER','HURTADO',2,1);
INSERT INTO agent VALUES('344','SURY SAMARI','LULIGO',2,1);
INSERT INTO agent VALUES('347','MARIA LORENA','MARTINEZ CARABALI',2,1);
INSERT INTO agent VALUES('349','CRISTIAN FELIPE','MEDINA SALGUERO',2,1);
INSERT INTO agent VALUES('351','CARLOS ANDRES','MESTANZA BOTINA',2,1);
INSERT INTO agent VALUES('354','ANDRES GIOVANI','MONSALVE VALENCIA',2,1);
INSERT INTO agent VALUES('355','LUIS CARLOS','MONTES',2,1);
INSERT INTO agent VALUES('363','JOSE FERNANDO','NOREÑA',2,1);
INSERT INTO agent VALUES('367','JORGE ENRIQUE','ORDOÑEZ RODRIGUEZ',2,1);
INSERT INTO agent VALUES('372','LUIS FELIPE','PECHENE GOMEZ',2,1);
INSERT INTO agent VALUES('374','NUBIA ESPERANZA','PEREZ',2,1);
INSERT INTO agent VALUES('375','CLAUDIA PATRICIA','PLAZAS',2,1);
INSERT INTO agent VALUES('377','HAROLD LEANDRO','POSADA MORA',2,1);
INSERT INTO agent VALUES('378','CESAR AUGUSTO','POSSO CHITO',2,1);
INSERT INTO agent VALUES('380','LEIDY JOHANA','QUIGUANAS QUINTERO',2,1);
INSERT INTO agent VALUES('382','LUIS CARLOS','QUINTERO',2,1);
INSERT INTO agent VALUES('383','JHON STYFEN','QUINÑONES CAICEDO',2,1);
INSERT INTO agent VALUES('384','MICHEL ALAIN','QUIÑIONES SANDOVAL',2,1);
INSERT INTO agent VALUES('392','LUIS GUILLERMO','RICARDO MEZA',2,1);
INSERT INTO agent VALUES('394','LORY LUZ','RIVAS MOSQUERA',2,1);
INSERT INTO agent VALUES('395','VICTOR HUGO','RODRIGUEZ CASTRO',2,1);
INSERT INTO agent VALUES('298','CRISTIAN CABEZAS','CAICEDO',2,1);
INSERT INTO agent VALUES('396','PAULO','RODRIGUEZ TENORIO',2,1);
INSERT INTO agent VALUES('397','ROSA ELVIRA','SALAMANCA BARRAGAN',2,1);
INSERT INTO agent VALUES('398','GILLERMO LEON','SALAZAR GOMEZ',2,1);
INSERT INTO agent VALUES('399','JORGE WILSON','SALDARRIAGA TABARES',2,1);
INSERT INTO agent VALUES('400','DIANA JULIETH','SALINAS VALENCIA',2,1);
INSERT INTO agent VALUES('403','JUAN CORLOS','SUAREZ RODRIGUEZ',2,1);
INSERT INTO agent VALUES('404','DURFAY ANDRES','SUAZA CERON',2,1);
INSERT INTO agent VALUES('405','ANDRES FELIPE','TABARES',2,1);
INSERT INTO agent VALUES('410','NESTOR','USMA LAGUNA',2,1);
INSERT INTO agent VALUES('412','MISAEL','VASQUEZ ARIAS',2,1);
INSERT INTO agent VALUES('414','MARIO','VICTORIA VELEZ',2,1);
INSERT INTO agent VALUES('415','LEONARDO','VITALI MONTEHERMOSO',2,1);
INSERT INTO agent VALUES('418','EDGAR ADOLFO','MOSQUERA',2,1);
INSERT INTO agent VALUES('421','LUIS DIMARCO','ZUÑIGA HERRERA',2,1);
INSERT INTO agent VALUES('428','EDWIN JULIAN','VELASCO MARTINEZ',2,1);
INSERT INTO agent VALUES('429','MAURICIO','GOMEZ LOPEZ',2,1);
INSERT INTO agent VALUES('430','JHOHAN','ARENAS URIBE',2,1);
INSERT INTO agent VALUES('431','JUAN CARLOS','CABRERA LUNA',2,1);
INSERT INTO agent VALUES('432','SONIA','MARTINEZ OZUNA',2,1);
INSERT INTO agent VALUES('433','LUIS FERNANDO','CAJAMARCA',2,1);
INSERT INTO agent VALUES('435','JHON FREDDY','MARTINEZ LONDOÑO',2,1);
INSERT INTO agent VALUES('441','JHON ALEXANDER','ARGUELLO ROJAS',2,1);
INSERT INTO agent VALUES('442','GIOVANNY ALBERTO','ALVAREZ VALENCIA',2,1);
INSERT INTO agent VALUES('443','MIGUEL ANGEL','SANDOVAL RENGIFO',2,1);
INSERT INTO agent VALUES('447','JOSE IGNACIO','ESPINOSA PERILLA',2,1);
INSERT INTO agent VALUES('449','STEPHEN','JARAMILLO GUAPACHA',2,1);
INSERT INTO agent VALUES('451','LEONAEDO','CARDENAS HERNANDEZ',2,1);
INSERT INTO agent VALUES('453','MARCO ANTONIO','VALLEJO',2,1);
INSERT INTO agent VALUES('457','JHON','BRAVO CARDONA',2,1);
INSERT INTO agent VALUES('461','ROLANDO','PEREZ VIZCAINO',2,1);
INSERT INTO agent VALUES('462','LUIS ALFREDO','TULCAN ROSERO',2,1);
INSERT INTO agent VALUES('465','ANDRES FELIPE','AVILA TORRES',2,1);
INSERT INTO agent VALUES('466','HAROLD','VELASQUEZ CAICEDO',2,1);
INSERT INTO agent VALUES('467','WILSON','QUINTERO CARDONA',2,1);
INSERT INTO agent VALUES('471','LUIS EMIR','LOAIZA',2,1);
INSERT INTO agent VALUES('474','CARLOS JULIO','ZABALA VELEZ',2,1);
INSERT INTO agent VALUES('475','ROBERT REINEL','ROSERO BARON',2,1);
INSERT INTO agent VALUES('476','ORLANDO ALBERTO','HERNANDEZ',2,1);
INSERT INTO agent VALUES('480','CESAR AUGUSTO','VISCAINO DONADO',2,1);
INSERT INTO agent VALUES('483','WILLIAM','RAMIREZ',2,1);
INSERT INTO agent VALUES('484','RAUL EDUARDO','CALDERON',2,1);
INSERT INTO agent VALUES('485','STIVEN','NIETO ZAPATA',2,1);
INSERT INTO agent VALUES('487','HAROLD','BONILLA',2,1);
INSERT INTO agent VALUES('488','HECTOR','ESPINOSA',2,1);
INSERT INTO agent VALUES('489','JAVIER ENRIQUE','ESCANDON AVILA',2,1);
INSERT INTO agent VALUES('490','JHON ANDRES','BEDOYA RIOS',2,1);
INSERT INTO agent VALUES('491','CARLOS ALBERTO','SANTE',2,1);
INSERT INTO agent VALUES('493','DARWIN','CORDOBA MARIN',2,1);
INSERT INTO agent VALUES('494','EDWARD','MAZUERA LOZANO',2,1);
INSERT INTO agent VALUES('495','HERNAN ADOLFO','CASTELLANOS RENGIFO',2,1);
INSERT INTO agent VALUES('496','JOINER CAMILO','GONZALEZ',2,1);
INSERT INTO agent VALUES('498','EDUARDO ANGEL','SOTELO ZAMBONI',2,1);
INSERT INTO agent VALUES('499','HERNAN ENRIQUE','CARDONA GIRALDO',2,1);
INSERT INTO agent VALUES('501','OSCAR FIDEL','DIAZ SANCHEZ',2,1);
INSERT INTO agent VALUES('502','JHON HERBY','MILLAN MORRIONES',2,1);
INSERT INTO agent VALUES('503','PAOLA ANDREA','SANCHEZ VALENCIA',2,1);
INSERT INTO agent VALUES('506','FRANCISCO JAVIER','ARENAS RIVERA',2,1);
INSERT INTO agent VALUES('508','CARLOS ARTURO','GARCIA CORDOBA',2,1);
INSERT INTO agent VALUES('509','ALEXANDER QUIÑONEZ','HURTADO',2,1);
INSERT INTO agent VALUES('510','EDGARDO ABAD','ANGULO RODRIGUEZ',2,1);
INSERT INTO agent VALUES('513','JOSE REYNADO','TORREZ RAMIREZ',2,1);
INSERT INTO agent VALUES('514','YEIMI','CARDOZO LUNA',2,1);
INSERT INTO agent VALUES('515','DIEGO FERNEY','SOLIS ASCENCIO',2,1);
INSERT INTO agent VALUES('516','JHONATAN','PERDOMO MUÑOZ',2,1);
INSERT INTO agent VALUES('519','JOSE ALIRIO','CHAVEZ',2,1);
INSERT INTO agent VALUES('520','JHON ALEXANDER','CASTAÑO',2,1);
INSERT INTO agent VALUES('522','OSCAR RUBEN','CORTES',2,1);
INSERT INTO agent VALUES('529','GEIMAR','CHAVEZ',2,1);
INSERT INTO agent VALUES('530','LUIS FERNANDO','ZAPATA CABRERA',2,1);
INSERT INTO agent VALUES('532','JHON EDWARD','HERNANDEZ ENRIQUEZ',2,1);
INSERT INTO agent VALUES('534','LUIS ALEJANDRO','FERNANDEZ JURADO',2,1);
INSERT INTO agent VALUES('535','CHRISTIAN FABIAN','NARVAEZ RAMIREZ',2,1);
INSERT INTO agent VALUES('536','CARLOS ALBERTO','QUINTERO ERAZO',2,1);
INSERT INTO agent VALUES('538','','CAICEDO ALBORNOZ',2,1);
INSERT INTO agent VALUES('539','TOVAR CORTEZ','DANIEL ANDRES',2,1);
INSERT INTO agent VALUES('540','ROLANDO','VIVEROS SALAZAR',2,1);
INSERT INTO agent VALUES('541','CARLOS ENRIQUE','BORRERO PEREA',2,1);
INSERT INTO agent VALUES('544','WILLIAM','RUBIANO RAMIREZ',2,1);
INSERT INTO agent VALUES('545','ALEJANDRO','CAICEDO MAQUILON',2,1);
INSERT INTO agent VALUES('546','JACOB','FIGUEROA CARABALI',2,1);
INSERT INTO agent VALUES('547','JAIME','VIVEROS GOMEZ',2,1);
INSERT INTO agent VALUES('548','MARTHA CECILIA','MURILLO ESCOBAR',2,1);
INSERT INTO agent VALUES('549','MIGUEL ANGEL','ANGULO MEDINA',2,1);
INSERT INTO agent VALUES('550','IYHAN YORLEY','CORREA RUIZ',2,1);
INSERT INTO agent VALUES('551','LUIS EDUARDO','VELEZ GARAVITO',2,1);
INSERT INTO agent VALUES('552','MARISOL','CARVAJAL',2,1);
INSERT INTO agent VALUES('553','WILLIAM','GRANJA GRUESO',2,1);
INSERT INTO agent VALUES('554','ROBINSON','MURCIA RAMIREZ',2,1);
INSERT INTO agent VALUES('555','ALEJANDRA','RAMIREZ RODRIGUEZ',2,1);
INSERT INTO agent VALUES('557','JHON JAIRO','VERA GIRALDO',2,0);
INSERT INTO agent VALUES('560','LORENA','PONTON BEDON',2,1);
INSERT INTO agent VALUES('561','JOSE FERNANDO','BURITICA CORTES',2,1);
INSERT INTO agent VALUES('562','JUAN CARLOS','CASTILLO VELASQUEZ',2,1);
INSERT INTO agent VALUES('564','ARNOLD','QUIROGA',2,1);
INSERT INTO agent VALUES('565','OVEIMAR','CONDE FLOREZ',2,1);
INSERT INTO agent VALUES('566','MILTON CESAR','CALERO SILVA',2,1);
INSERT INTO agent VALUES('572','CARLOS ANDRES','RUBIANO BARRIOS',2,1);
INSERT INTO agent VALUES('574','ADRIANA','ACOSTA HERNANDEZ',2,1);
INSERT INTO agent VALUES('575','MONICA','JITRONZA GARCIA',2,1);
INSERT INTO agent VALUES('576','JHON HENRY','ROBLE ROJAS',2,1);
INSERT INTO agent VALUES('578','LUIS EDUARDO','PERAFAN DOMINGUEZ',2,1);
INSERT INTO agent VALUES('4','JUAN CARLOS','BUENO APONTE',1,1);
INSERT INTO agent VALUES('15','RODRIGO','GARCIA GARCES',1,1);
INSERT INTO agent VALUES('17','JAIRO','ALARCON',1,1);
INSERT INTO agent VALUES('25','HOOVER','PACHECO',1,1);
INSERT INTO agent VALUES('38','ROBINSON','BRAVO CASTILLO',1,1);
INSERT INTO agent VALUES('39','JUAN CARLOS','SALAMANCA CARRILLO',1,1);
INSERT INTO agent VALUES('40','JAIRO','MONDRAGON BRAVO',1,1);
INSERT INTO agent VALUES('46','DIDIER PAUL','GOMEZ MEJIA',1,1);
INSERT INTO agent VALUES('51','MARCO TULIO','VASQUEZ',1,1);
INSERT INTO agent VALUES('58','JORJE HUMBERTO','VERGARA',1,1);
INSERT INTO agent VALUES('59','WILMER','LOPEZ',1,1);
INSERT INTO agent VALUES('76','GERMAN','GUEVARA BAUTISTA',1,1);
INSERT INTO agent VALUES('93','CATALINA','MORENO MINA',1,1);
INSERT INTO agent VALUES('95','DIEGA ARMANDO','AVILA CORREA',1,1);
INSERT INTO agent VALUES('98','CESAR AUGUSTO','FRANCO',1,1);
INSERT INTO agent VALUES('103','ALEXANDER','ZUÑIGA OSORIO',1,1);
INSERT INTO agent VALUES('105','ANDRES','HERNANDEZ GARAY',1,1);
INSERT INTO agent VALUES('111','LUIS ALFONSO','LENIS TERRANOVA',1,1);
INSERT INTO agent VALUES('119','IBSEN AGUSTIN','QUIÑONEZ SANCHEZ',1,1);
INSERT INTO agent VALUES('120','LORENY','ABADIA HERRERA',1,1);
INSERT INTO agent VALUES('125','ALBEIRO','CORTES GIRALDO',1,1);
INSERT INTO agent VALUES('127','FABIAN','DELACUESTA',1,1);
INSERT INTO agent VALUES('133','JHON MARIO','CUERVA ZABALA',1,1);
INSERT INTO agent VALUES('139','JHON JAIRO','PARRA ZABALA',1,1);
INSERT INTO agent VALUES('145','VICTOR JAVIER','ROJAS SANCHEZ',1,1);
INSERT INTO agent VALUES('146','CONSTANTINO','RUBIO PRADA',1,1);
INSERT INTO agent VALUES('153','JESUS HUMBERTO','VILLALBA',1,1);
INSERT INTO agent VALUES('157','EDINSON','MUÑOZ MAMIAN',1,1);
INSERT INTO agent VALUES('158','JHONNY HERNANDO','BALLESTEROS',1,1);
INSERT INTO agent VALUES('162','MILTON GERMAN','CASTILLO',1,1);
INSERT INTO agent VALUES('166','JULIO','DUQUE',1,1);
INSERT INTO agent VALUES('170','JULIO CESAR','GUZMAN CEBALLOS',1,1);
INSERT INTO agent VALUES('176','DIEGO FERNANDO','LOZADA GARCIA',1,1);
INSERT INTO agent VALUES('177','PABLO ANDRES','MEDINA',1,1);
INSERT INTO agent VALUES('187','DUVIER','OSSA GIRALDO',1,1);
INSERT INTO agent VALUES('188','MARTHA ROCIO','PALACIOS',1,1);
INSERT INTO agent VALUES('193','ANTONIO JOSE','POTES GIRALDO',1,1);
INSERT INTO agent VALUES('204','FERNANDO','SALAZAR BOSSA',1,1);
INSERT INTO agent VALUES('213','RICARDO','SUAREZ',1,1);
INSERT INTO agent VALUES('218','JESUS EMILIO','VALDERRAMA LEON',1,1);
INSERT INTO agent VALUES('219','RAMIRO','VALDERRAMA',1,1);
INSERT INTO agent VALUES('225','ALEXANDER','ZUÑIGA HURTADO',1,1);
INSERT INTO agent VALUES('94','EDUY JAVIER','CATAÑO POTES',1,1);
INSERT INTO agent VALUES('230','LUIS FERNANDO','BRAVO CAIPE',1,1);
INSERT INTO agent VALUES('237','ALEJANDRO','ESCOBAR ZULETA',1,1);
INSERT INTO agent VALUES('242','FRANCISCO JAVIER','GAVIRIA',1,1);
INSERT INTO agent VALUES('244','WILLIAM SUKI','GOMEZ GOMEZ',1,1);
INSERT INTO agent VALUES('245','LIZETH MARIA','GONZALEZ',1,1);
INSERT INTO agent VALUES('253','VLADIMIR','MONTAÑO SALAS',1,1);
INSERT INTO agent VALUES('261','JUAN CARLOS','OTALVARO',1,1);
INSERT INTO agent VALUES('263','JHON FREDY','GUEVARA BAUTISTA',1,1);
INSERT INTO agent VALUES('270','ALEXANDER','CASTILLO BORJA',1,1);
INSERT INTO agent VALUES('273','MARGARITA PATRICIA','MONTOYA',1,1);
INSERT INTO agent VALUES('282','ALVARADO JOSE','RICARDO',1,1);
INSERT INTO agent VALUES('286','LUIS EDUARDO','ANGEL CHARRY',1,1);
INSERT INTO agent VALUES('288','YULIETH ALEJANDRA','ANGULO POVEDA',1,1);
INSERT INTO agent VALUES('289','DANILO ESCOBAR','AREA ALBERTO',1,1);
INSERT INTO agent VALUES('293','BENITEZ LUIS','AREVALO ORTIZ',1,0);
INSERT INTO agent VALUES('295','LUIS ROBERTO','BIOJO',1,1);
INSERT INTO agent VALUES('299','FRANKLIN','CAICEDO BONILLA',1,1);
INSERT INTO agent VALUES('303','WILMER FERNANDO','CALVACHE GOMEZ',1,1);
INSERT INTO agent VALUES('305','HUBERT','CASTAÑEDA GIL',1,1);
INSERT INTO agent VALUES('306','VICTOR','CASTAÑO PARDO',1,1);
INSERT INTO agent VALUES('307','ALVARO YIMMY','CASTILLO RIVERA',1,1);
INSERT INTO agent VALUES('309','GILBERTO','CASTRO SALAZAR',1,1);
INSERT INTO agent VALUES('311','JOSE HUMBERTO','COLLAZOS SALAZAR',1,1);
INSERT INTO agent VALUES('313','OSCAR FERNANDO','CUELLAR NOVI',1,1);
INSERT INTO agent VALUES('318','FLOREZ ANDRES','FELIPE NOVOA',1,1);
INSERT INTO agent VALUES('320','MARCO ANTONIO','GARCIA ERAZO',1,1);
INSERT INTO agent VALUES('321','JHON JABER','GARCIA GUTIERREZ',1,1);
INSERT INTO agent VALUES('323','RODRIGO','GAVIRIA POLANCO',1,1);
INSERT INTO agent VALUES('324','DIEGO FERNANDO','GIL SALAZAR',1,1);
INSERT INTO agent VALUES('325','DIEGO','GIRALDO HOYOS',1,1);
INSERT INTO agent VALUES('332','HARRY HEMERSON','HERNANDEZ CHAUX',1,1);
INSERT INTO agent VALUES('336','SANDRAS LORENA','IRIARTE QUIÑONEZ',1,1);
INSERT INTO agent VALUES('337','EDWIN YOVANNI','LARGO TAPASCO',1,0);
INSERT INTO agent VALUES('339','JOHNSON','LENIS AGUDELO',1,1);
INSERT INTO agent VALUES('340','JOSE ALEXANDER','LOPEZ MEJIA',1,1);
INSERT INTO agent VALUES('345','MIGUEL ANGEL','MACANA TASCON',1,1);
INSERT INTO agent VALUES('348','ARMANDO','MEDINA CASTIBLANCO',1,1);
INSERT INTO agent VALUES('350','JESUS ANTONIO','MERCHAN VALENCIA',1,1);
INSERT INTO agent VALUES('353','AUGUSTO','MOLANO MARTINEZ',1,1);
INSERT INTO agent VALUES('356','CARLOS HERNAN','MORALES CAMACHO',1,1);
INSERT INTO agent VALUES('358','ALEJANDRO','MOSQUERA VELASCO',1,1);
INSERT INTO agent VALUES('359','EDGAR ANDRES','MUÑOZ MONCAYO',1,1);
INSERT INTO agent VALUES('361','JOSE LUIS','MURILLO ARAGON',1,1);
INSERT INTO agent VALUES('365','ALVARO','OLAYA ANGULO',1,1);
INSERT INTO agent VALUES('368','DANILO','ORTEGA RUCCO',1,1);
INSERT INTO agent VALUES('369','WILMAR','ORTIZ VANEGAS',1,1);
INSERT INTO agent VALUES('371','ARLEX MAURICIO','PADILLA PESCADOR',1,1);
INSERT INTO agent VALUES('373','LUIS CARLOS','PEREA SOLARTE',1,1);
INSERT INTO agent VALUES('376','WILLIAM ANDRES','POLANCO SOLARTE',1,1);
INSERT INTO agent VALUES('387','ADRIANA','RAMIREZ',1,1);
INSERT INTO agent VALUES('388','CARLOS ALBERTO','RAMIREZ AMAYA',1,1);
INSERT INTO agent VALUES('389','CARLOS DARIO','RAMIREZ ORDOÑEZ',1,1);
INSERT INTO agent VALUES('390','RICARDO','RENGIFO MANRIQUE',1,1);
INSERT INTO agent VALUES('391','CARLOS EDUARDO','REYES SUAREZ',1,1);
INSERT INTO agent VALUES('401','EDWIN CAMILO','SANCLEMENTE ESCOBAR',1,1);
INSERT INTO agent VALUES('402','ALEXIS','SOLIS MOLINEROS',1,1);
INSERT INTO agent VALUES('407','ROCIO','TORRES CORREA',1,1);
INSERT INTO agent VALUES('408','JORGE HERNANDO','TORRES SANABRIA',1,1);
INSERT INTO agent VALUES('409','CARLOS ALBERTO','AREVALO GONZALEZ',1,1);
INSERT INTO agent VALUES('411','JUAN CARLOS','VALENCIA ORDOÑEZ',1,1);
INSERT INTO agent VALUES('416','JAVIER FERNANDO','YONDA GOMEZ',1,1);
INSERT INTO agent VALUES('417','DIEGO ALEXANDER','ZAMBRANO PIPICANO',1,1);
INSERT INTO agent VALUES('420','LUIS EDUARDO','ZAPATA LASSO',1,1);
INSERT INTO agent VALUES('422','WILSON IVAN','ROSERO WILCHES',1,1);
INSERT INTO agent VALUES('423','LUIS JOSE','MORALES',1,1);
INSERT INTO agent VALUES('424','OSCAR FERNANDO','RAMIREZ OCHOA',1,1);
INSERT INTO agent VALUES('425','JOSE MANUEL','RENGIFO',1,1);
INSERT INTO agent VALUES('426','ADERSON','MONTES BOLAÑOS',1,1);
INSERT INTO agent VALUES('427','ALEX ARIEL','ALVAREZ MARMOLEJO',1,1);
INSERT INTO agent VALUES('437','JHON EDWARD','CAICEDO CABEZAS',1,1);
INSERT INTO agent VALUES('439','SAMUEL EDER','HERNANDEZ SATIZABAL',1,1);
INSERT INTO agent VALUES('444','DOUGLAS','MORENO PADILLA',1,1);
INSERT INTO agent VALUES('445','CARLOS ARTURO','PEÑA RODRIGUEZ',1,1);
INSERT INTO agent VALUES('446','JOSE MARINO','HERNANDEZ VILLALBA',1,1);
INSERT INTO agent VALUES('448','ESPERANZA','PARRA HURTADO',1,1);
INSERT INTO agent VALUES('450','ANTONIO PARRA','HURTADO',1,1);
INSERT INTO agent VALUES('455','GONZALO','SANCHEZ',1,1);
INSERT INTO agent VALUES('458','MAURICO HERBET','CASTRO',1,1);
INSERT INTO agent VALUES('463','WILMAR ROJAS','CAMPO',1,1);
INSERT INTO agent VALUES('469','BLADIMIR SANCHEZ','VARELA',1,1);
INSERT INTO agent VALUES('478','DAVIS JUAN','QUINERO',1,1);
INSERT INTO agent VALUES('479','ANDRES ROLAND','ORTEGA',1,1);
INSERT INTO agent VALUES('481','DIEGO','VARGAS',1,1);
INSERT INTO agent VALUES('486','WILLIAM','MENESSES',1,1);
INSERT INTO agent VALUES('492','LEONIDAS DELGADO','AMPUDIA',1,1);
INSERT INTO agent VALUES('497','JORGE HERNAN','OSSA GIRALDO',1,1);
INSERT INTO agent VALUES('500','RAUL STEVEN','RAMOS MUÑOZ',1,1);
INSERT INTO agent VALUES('504','MAURICIO','VARGAS ZULUAGA',1,1);
INSERT INTO agent VALUES('505','JORGE ENRIQUE','DEVIA GONZALEZ',1,1);
INSERT INTO agent VALUES('507','ALEXANDER','AGUIRRE BOTERO',1,1);
INSERT INTO agent VALUES('511','DARNI','ORTIZ SOLANO',1,1);
INSERT INTO agent VALUES('512','JESUS HERNAN','GONZALEZ GARZON',1,1);
INSERT INTO agent VALUES('517','MAURICIO RAMOS','DAVID EVELIO',1,1);
INSERT INTO agent VALUES('518','VICTOR ANDRES','OSSA GUARNIZO',1,1);
INSERT INTO agent VALUES('521','DIANA CAROLINA','QUINTERO LOZANO',1,1);
INSERT INTO agent VALUES('523','ALFONSO JOSE','MORALES MUÑOZ',1,1);
INSERT INTO agent VALUES('524','JULIO CESAR','MARTINEZ TREJOS',1,1);
INSERT INTO agent VALUES('525','LEIDER ADRIAN','GOMEZ',1,1);
INSERT INTO agent VALUES('526','CLAUDIA JHANETH','ALEGRIA LUCUMI',1,1);
INSERT INTO agent VALUES('527','ERIKA','MARTINEZ MULLER',1,1);
INSERT INTO agent VALUES('528','EDISON','GUTIERREZ COBO',1,1);
INSERT INTO agent VALUES('531','SONIA','ZAMBRANO ZUÑIGA',1,1);
INSERT INTO agent VALUES('533','NELSON FABIO','JURADO CASTAÑO',1,1);
INSERT INTO agent VALUES('537','CARLOS ANDRES','GOMEZ ENCISO',1,1);
INSERT INTO agent VALUES('542','JULIAN DAVID','ZORRILLA BENAVIDES',1,1);
INSERT INTO agent VALUES('543','OSCAR FERNANDO','MONTOYA PEÑA',1,1);
INSERT INTO agent VALUES('556','JOSE JULIAN','PAEZ OTALORA',1,1);
INSERT INTO agent VALUES('558','FABIO','GONGORA SOTO',1,1);
INSERT INTO agent VALUES('559','IDATALY','BENITEZ RESTREPO',1,1);
INSERT INTO agent VALUES('567','JAUMER VIRLEY','CANO OSPINA',1,1);
INSERT INTO agent VALUES('568','JOSE WILLIAM','MAURICIO RAMOS',1,1);
INSERT INTO agent VALUES('569','DIEGO FERNANDO','MURILLO GOMEZ',1,1);
INSERT INTO agent VALUES('570','MIGUEL ANGEL','PATIÑO OLIVA',1,1);
INSERT INTO agent VALUES('571','BRINKS BREINER','VALENCIA MESA',1,1);
INSERT INTO agent VALUES('573','ANDRES FERNANDO','DUARTE MESIAS',1,1);
INSERT INTO agent VALUES('577','JAIME ANDRES','OBANDO MORA',1,1);
INSERT INTO agent VALUES('579','CARLOS ARTURO','SALAZAR MOLINA',1,1);
INSERT INTO agent VALUES('580','ORLANDO','VENTE CHALA',1,1);
INSERT INTO agent VALUES('581','MIGDONIO','MOSQUERA LOZANO',1,1);
INSERT INTO agent VALUES('582','FREDY ANTONIO','TAMBO OVALLE',1,1);
INSERT INTO agent VALUES('583','RICARDO','ZABALA RIVERA',1,1);
INSERT INTO agent VALUES('584','VICTOR HUGO','HERRERA CHAVEZ',1,1);
INSERT INTO agent VALUES('585','MONICA','PEÑA MONSALVE',1,1);
INSERT INTO agent VALUES('274','SIN NOMBRE','SIN APELLIDO',1,1);
INSERT INTO agent VALUES('276','SIN NOMBRE','SIN APELLIDO',1,1);
INSERT INTO agent VALUES('42','SIN NOMBRE','SIN APELLIDO',1,1);
INSERT INTO agent VALUES('118','SIN NOMBRE','SIN APELLIDO',1,1);

INSERT INTO inactivityType(type) VALUES('Vacaciones');
INSERT INTO inactivityType(type) VALUES('Compensatorio');
INSERT INTO inactivityType(type) VALUES('Licencia de Maternidad');
INSERT INTO inactivityType(type) VALUES('Incapacidad');

INSERT INTO inactivity(idInactivityType, plaqueAgent, startDate, endDate) VALUES (1, '94', '2016/10/15', '2016/10/20');
INSERT INTO inactivity(idInactivityType, plaqueAgent, startDate, endDate) VALUES (1, '580', '2016/11/15', '2016/11/20');
INSERT INTO inactivity(idInactivityType, plaqueAgent, startDate, endDate) VALUES (4, '582', '2016/09/15', '2016/09/20');
INSERT INTO inactivity(idInactivityType, plaqueAgent, startDate, endDate) VALUES (2, '585', '2016/03/15', '2016/03/20');
INSERT INTO inactivity(idInactivityType, plaqueAgent, startDate, endDate) VALUES (3, '400', '2016/01/15', '2016/01/20');

INSERT INTO serviceClassification(classification) VALUES('Accidentes');
INSERT INTO serviceClassification(classification) VALUES('Alcoholimetros');
INSERT INTO serviceClassification(classification) VALUES('Vigilancia y Regulación');

INSERT INTO sector(name) VALUES('Norte');
INSERT INTO sector(name) VALUES('Sur');

INSERT INTO location(description, idSector) VALUES('Album Fotográfico', 1);
INSERT INTO location(description, idSector) VALUES('Todas las Zonas', 1);
INSERT INTO location(description, idSector) VALUES('AVENIDA 2N CALLE 25', 1);
INSERT INTO location(description, idSector) VALUES('AVENIDA 2N CALLE 21', 1);
INSERT INTO location(description, idSector) VALUES('AVENIDA 3N CALLE 18', 1);
INSERT INTO location(description, idSector) VALUES('CAM', 1);
INSERT INTO location(description, idSector) VALUES('AVENIDA 3N CALLE 18', 1);
INSERT INTO location(description, idSector) VALUES('AVENIDA 3N CALLE 25 (PEATONAL)', 1);
INSERT INTO location(description, idSector) VALUES('AV. 2A CL.30, AV.2BN CL.30', 1);
INSERT INTO location(description, idSector) VALUES('AVENIDA 8N CALLE 13', 1);
INSERT INTO location(description, idSector) VALUES('AVENIDA 6AN CALLE 29 MANEJO DE CAJA', 1);
INSERT INTO location(description, idSector) VALUES('AV.6N CALLE 31 -HOME center', 1);
INSERT INTO location(description, idSector) VALUES('AV.6N CALLE 38 -CHIPICHAPE', 1);
INSERT INTO location(description, idSector) VALUES('AV.2BN CALLE 70 - ESTACIÓN MIO', 1);
INSERT INTO location(description, idSector) VALUES('AVENIDA 6N CALLE 70 -MENGA', 1);
INSERT INTO location(description, idSector) VALUES('SAMECO', 1);
INSERT INTO location(description, idSector) VALUES('AVENIDA 3N CALLE 36', 1);
INSERT INTO location(description, idSector) VALUES('AVENIDAD 3N CALLE 70, SAMECO', 1);
INSERT INTO location(description, idSector) VALUES('CARRERA 1D CALLE 52', 1);
INSERT INTO location(description, idSector) VALUES('CARRERA 3 CALLE 56 SALOMIA', 1);
INSERT INTO location(description, idSector) VALUES('MENGA', 1);
INSERT INTO location(description, idSector) VALUES('PATRULLA CAM-INTER-TUNEL', 1);
INSERT INTO location(description, idSector) VALUES('CARRERA 5N CALLE 70', 1);


INSERT INTO service(idLocation, idServiceClassification) VALUES(1, 1);
INSERT INTO service(idLocation, idServiceClassification) VALUES(2, 2);
INSERT INTO service(idLocation, idServiceClassification) VALUES(3, 3);
INSERT INTO service(idLocation, idServiceClassification) VALUES(4, 3);
INSERT INTO service(idLocation, idServiceClassification) VALUES(5, 3);
INSERT INTO service(idLocation, idServiceClassification) VALUES(6, 3);
INSERT INTO service(idLocation, idServiceClassification) VALUES(7, 3);
INSERT INTO service(idLocation, idServiceClassification) VALUES(8, 3);
INSERT INTO service(idLocation, idServiceClassification) VALUES(9, 3);
INSERT INTO service(idLocation, idServiceClassification) VALUES(10, 3);
INSERT INTO service(idLocation, idServiceClassification) VALUES(11, 3);
INSERT INTO service(idLocation, idServiceClassification) VALUES(12, 3);
INSERT INTO service(idLocation, idServiceClassification) VALUES(13, 3);
INSERT INTO service(idLocation, idServiceClassification) VALUES(14, 3);
INSERT INTO service(idLocation, idServiceClassification) VALUES(15, 3);
INSERT INTO service(idLocation, idServiceClassification) VALUES(16, 3);
INSERT INTO service(idLocation, idServiceClassification) VALUES(17, 3);
INSERT INTO service(idLocation, idServiceClassification) VALUES(18, 3);
INSERT INTO service(idLocation, idServiceClassification) VALUES(19, 3);
INSERT INTO service(idLocation, idServiceClassification) VALUES(20, 3);
INSERT INTO service(idLocation, idServiceClassification) VALUES(21, 3);
INSERT INTO service(idLocation, idServiceClassification) VALUES(22, 3);
INSERT INTO service(idLocation, idServiceClassification) VALUES(23, 3);


INSERT INTO serviceConfiguration(idService, startService, endService, estimateAgentsQty) VALUES(1, '05:30:00', '13:00:00', 4);
INSERT INTO serviceConfiguration(idService, startService, endService, estimateAgentsQty) VALUES(2, '05:30:00', '13:00:00', 2);
INSERT INTO serviceConfiguration(idService, startService, endService, estimateAgentsQty) VALUES(3, '05:30:00', '13:00:00', 3);
INSERT INTO serviceConfiguration(idService, startService, endService, estimateAgentsQty) VALUES(4, '05:30:00', '13:00:00', 2);
INSERT INTO serviceConfiguration(idService, startService, endService, estimateAgentsQty) VALUES(5, '05:30:00', '13:00:00', 2);
INSERT INTO serviceConfiguration(idService, startService, endService, estimateAgentsQty) VALUES(6, '05:30:00', '13:00:00', 2);
INSERT INTO serviceConfiguration(idService, startService, endService, estimateAgentsQty) VALUES(7, '05:30:00', '13:00:00', 2);
INSERT INTO serviceConfiguration(idService, startService, endService, estimateAgentsQty) VALUES(8, '05:30:00', '13:00:00', 2);
INSERT INTO serviceConfiguration(idService, startService, endService, estimateAgentsQty) VALUES(9, '05:30:00', '13:00:00', 2);
INSERT INTO serviceConfiguration(idService, startService, endService, estimateAgentsQty) VALUES(10, '05:30:00', '13:00:00', 2);
INSERT INTO serviceConfiguration(idService, startService, endService, estimateAgentsQty) VALUES(11, '12:30:00', '20:30:00', 2);
INSERT INTO serviceConfiguration(idService, startService, endService, estimateAgentsQty) VALUES(12, '12:30:00', '20:30:00', 2);
INSERT INTO serviceConfiguration(idService, startService, endService, estimateAgentsQty) VALUES(13, '12:30:00', '20:30:00', 2);
INSERT INTO serviceConfiguration(idService, startService, endService, estimateAgentsQty) VALUES(14, '12:30:00', '20:30:00', 2);
INSERT INTO serviceConfiguration(idService, startService, endService, estimateAgentsQty) VALUES(15, '14:00:00', '21:00:00', 2);
INSERT INTO serviceConfiguration(idService, startService, endService, estimateAgentsQty) VALUES(16, '14:00:00', '21:00:00', 2);
INSERT INTO serviceConfiguration(idService, startService, endService, estimateAgentsQty) VALUES(17, '14:00:00', '21:00:00', 2);
INSERT INTO serviceConfiguration(idService, startService, endService, estimateAgentsQty) VALUES(18, '14:00:00', '21:00:00', 2);
INSERT INTO serviceConfiguration(idService, startService, endService, estimateAgentsQty) VALUES(19, '14:00:00', '21:00:00', 2);
INSERT INTO serviceConfiguration(idService, startService, endService, estimateAgentsQty) VALUES(20, '14:00:00', '21:00:00', 2);
INSERT INTO serviceConfiguration(idService, startService, endService, estimateAgentsQty) VALUES(21, '14:00:00', '21:00:00', 2);
INSERT INTO serviceConfiguration(idService, startService, endService, estimateAgentsQty) VALUES(22, '15:00:00', '22:00:00', 2);
INSERT INTO serviceConfiguration(idService, startService, endService, estimateAgentsQty) VALUES(23, '15:00:00', '22:00:00', 2);

INSERT INTO role(roleName) VALUES('Administrador');
INSERT INTO role(roleName) VALUES('Admin IPATS');
INSERT INTO role(roleName) VALUES('Admin Comparendos');
INSERT INTO role(roleName) VALUES('Visor IPATS');

INSERT INTO user(username, password, idRole) VALUES('administrador', '0b8b946432f1ac91f0b07bd5f8df6587', 1);
INSERT INTO user(username, password, idRole) VALUES('abarona', '0b8b946432f1ac91f0b07bd5f8df6587', 1);
INSERT INTO user(username, password, idRole) VALUES('ecatanho', '0b8b946432f1ac91f0b07bd5f8df6587', 2);
INSERT INTO user(username, password, idRole) VALUES('eperea', '0b8b946432f1ac91f0b07bd5f8df6587', 2);
INSERT INTO user(username, password, idRole) VALUES('mmartinez', '0b8b946432f1ac91f0b07bd5f8df6587', 2);
INSERT INTO user(username, password, idRole) VALUES('croa', '0b8b946432f1ac91f0b07bd5f8df6587', 2);

INSERT INTO ipatInCharge(idUser, plaqueAgent) VALUES(1, '94');
INSERT INTO ipatInCharge(idUser, plaqueAgent) VALUES(2, '274');
INSERT INTO ipatInCharge(idUser, plaqueAgent) VALUES(3, '276');
INSERT INTO ipatInCharge(idUser, plaqueAgent) VALUES(4, '42');
INSERT INTO ipatInCharge(idUser, plaqueAgent) VALUES(5, '118');

INSERT INTO userByAgent(idUser, plaqueAgent) VALUES(1, '94');
INSERT INTO userByAgent(idUser, plaqueAgent) VALUES(2, '274');
INSERT INTO userByAgent(idUser, plaqueAgent) VALUES(3, '276');
INSERT INTO userByAgent(idUser, plaqueAgent) VALUES(4, '42');
INSERT INTO userByAgent(idUser, plaqueAgent) VALUES(5, '118');


INSERT INTO ipatTransactionState VALUES(1, 'Entregado');
INSERT INTO ipatTransactionState VALUES(2, 'Recibido Parcialmente');
INSERT INTO ipatTransactionState VALUES(3, 'Recibido');

INSERT INTO ipatClassification(id, name) VALUES(1, 'De Oficio');
INSERT INTO ipatClassification(id, name) VALUES(2, 'Querellado');
INSERT INTO ipatClassification(id, name) VALUES(3, 'Deceso');

INSERT INTO ipat VALUES(1, 10000, 11000, '2017/04/15', 1, 'A000', null, null, null, null);

INSERT INTO ipatSeverity(id, description) VALUES(1, 'Daños');
INSERT INTO ipatSeverity(id, description) VALUES(2, 'Lesión');
INSERT INTO ipatSeverity(id, description) VALUES(3, 'Homicidio');

INSERT INTO transitTicketTransactionState VALUES(1, 'Entregado');
INSERT INTO transitTicketTransactionState VALUES(2, 'Recibido');

/*!40101 SET CHARACTER_SET_CLIENT=@OLD_CHARACTER_SET_CLIENT */;
/*!40101 SET CHARACTER_SET_RESULTS=@OLD_CHARACTER_SET_RESULTS */;
/*!40101 SET COLLATION_CONNECTION=@OLD_COLLATION_CONNECTION */;
